model,task,auroc,auprc,f1,balanced_accuracy,brier_score,mae,rmse,directional_accuracy,spearman_rho,net_bps_captured,hit_rate_above_cost,false_positive_cost,n_trades,final_pnl_usd,max_drawdown_usd,sharpe_ratio
last_value,classification,0.5,0.3610517453532802,0.0,0.5,0.25,,,,,NaN,NaN,NaN,0,0.0,0.0,NaN
rolling_mean,classification,0.5,0.3610517453532802,0.0,0.5,0.3610517453532802,,,,,NaN,NaN,NaN,0,0.0,0.0,NaN
ar1,classification,0.5,0.3610517453532802,0.0,0.5,0.33878918721918966,,,,,NaN,NaN,NaN,0,0.0,0.0,NaN
lasso,classification,0.7053383227626882,0.5939814133009246,0.4868988391376451,0.6332276905147816,0.20995447600196487,,,,,-22.344162685557553,0.15302593659942362,-66.82203066253531,3470,-77534.24451888482,90677.7319146033,-46.845838305732265
rf,classification,0.7225720256822589,0.5789189306240531,0.3590836441129462,0.5912495875221239,0.20101275040942124,,,,,-30.725983191207675,0.12312467666839111,-65.09840386459386,1933,-59393.32550860441,87528.25471080514,-60.814423016243886
ridge,classification,0.6887445673368429,0.5870374038566911,0.5245027680951404,0.6472662193573253,0.21449770957191444,,,,,-33.930979794605406,0.12706389088298636,-71.45100552630552,4179,-141797.56456165644,141797.56456165644,-82.69363859653897
xgb,classification,0.674388200996492,0.50427819387373,0.44126984126984126,0.5962799268039259,0.2274595946073532,,,,,-63.24540232084178,0.06916129032258064,-84.56424310358247,3875,-245075.93399326157,245075.93399326157,-178.56399250709487
lgbm,classification,0.6219948384586645,0.44878195729441395,0.5416580525118876,0.598766793417444,0.29441827901511847,,,,,-75.34195994060661,0.04409131602506714,-88.99703687165997,8936,-673255.7540292599,673255.7540292599,-361.47092690533793
logistic,classification,0.7132504074781443,0.5964606222040258,0.5660700034203625,0.5904364220464539,0.35986361942041417,,,,,-75.72589925650956,0.044372023063424415,-89.63514690459573,11967,-906211.8364026461,906211.8364026461,-448.3180338450082
